1543525268 , 
1543530481 , 
1543530541 , 
1543530601 , 
1543530661 , 
1543530721 , 
1543530781 , 
1543530841 , 
1543530901 , 
1543530961 , 
1543531021 , 
1543531081 , 
1543531141 , 
1543531201 , 
1543531261 , 
1543531321 , 
1543531381 , 
1543531441 , 
1543531501 , 
1543531561 , 
1543531621 , 
1543531681 , 
1543531741 , 
1543531801 , 
1543531861 , 
1543531921 , 
1543531981 , 
1543532041 , 
1543532101 , 
1543532161 , 
1543532221 , 
1543532281 , 
1543532341 , 
1543532401 , 
1543532461 , 
1543532521 , 
1543532581 , 
1543532641 , 
1543532701 , 
1543532761 , 
1543532821 , 
1543532881 , 
1543532941 , 
1543533001 , 
1543533061 , 
1543533121 , 
1543533181 , 
1543533241 , 
1543533301 , 
1543533361 , 
1543533421 , 
1543533481 , 
1543533541 , 
1543533601 , 
1543533661 , 
1543533721 , 
1543533781 , 
1543533841 , 
1543533901 , 
1543533961 , 
1543534021 , 
1543534081 , 
1543534141 , 
1543534201 , 
1543534261 , 
1543534321 , 
1543534381 , 
1543534441 , 
1543534501 , 
1543534561 , 
1543534621 , 
1543534681 , 
1543534741 , 
1543534801 , 
1543534861 , 
1543534921 , 
1543534981 , 
1543535041 , 
1543535101 , 
1543535161 , 
1543535221 , 
1543535281 , 
1543535341 , 
1543535401 , 
1543535461 , 
1543535521 , 
1543535581 , 
1543535641 , 
1543535701 , 
1543535761 , 
1543535821 , 
1543535881 , 
1543535941 , 
1543536001 , 
1543536061 , 
1543536122 , 
1543536181 , 
1543536241 , 
1543536301 , 
1543536361 , 
1543536421 , 
1543536481 , 
1543536541 , 
1543536601 , 
1543536661 , 
1543536721 , 
1543536781 , 
1543536841 , 
1543536901 , 
1543536961 , 
1543537021 , 
1543537082 , 
1543537141 , 
1543537201 , 
1543537261 , 
1543537321 , 
1543537381 , 
1543537441 , 
1543537501 , 
1543537561 , 
1543537621 , 
1543537682 , 
1543537741 , 
1543537801 , 
1543537861 , 
1543537921 , 
1543537981 , 
1543538041 , 
1543538101 , 
1543538161 , 
1543538221 , 
1543538281 , 
1543538341 , 
1543538401 , 
1543538461 , 
1543538521 , 
1543538581 , 
1543538641 , 
1543538701 , 
1543538761 , 
1543538821 , 
1543538881 , 
1543538941 , 
1543539001 , 
1543539061 , 
1543539121 , 
1543539181 , 
1543539241 , 
1543539301 , 
1543539361 , 
1543539421 , 
1543539481 , 
1543539541 , 
1543539601 , 
1543539661 , 
1543539721 , 
1543539781 , 
1543539841 , 
1543539901 , 
1543539961 , 
1543540021 , 
1543540081 , 
1543540141 , 
1543540201 , 
1543540261 , 
1543540321 , 
1543540381 , 
1543540441 , 
1543540501 , 
1543540561 , 
1543540621 , 
1543540681 , 
1543540741 , 
1543540801 , 
1543540861 , 
1543540921 , 
1543540981 , 
1543541041 , 
1543541101 , 
1543541161 , 
1543541221 , 
1543541281 , 
1543541341 , 
1543541401 , 
1543541461 , 
1543541521 , 
1543541581 , 
1543541641 , 
1543541701 , 
1543541761 , 
1543541821 , 
1543541881 , 
1543541941 , 
1543542001 , 
1543542061 , 
1543542121 , 
1543542181 , 
1543542241 , 
1543542301 , 
1543542361 , 
1543542421 , 
1543542481 , 
1543542541 , 
1543542601 , 
1543542661 , 
1543542721 , 
1543542781 , 
1543542841 , 
1543542901 , 
1543542961 , 
1543543021 , 
1543543081 , 
1543543141 , 
1543543201 , 
1543543261 , 
1543543321 , 
1543543381 , 
1543543441 , 
1543543502 , 
1543543561 , 
1543543621 , 
1543543681 , 
1543543741 , 
1543543801 , 
1543543861 , 
1543543921 , 
1543543981 , 
1543544041 , 
1543544101 , 
1543544161 , 
1543544221 , 
1543544281 , 
1543544341 , 
1543544401 , 
1543544461 , 
1543544521 , 
1543544581 , 
1543544641 , 
1543544701 , 
1543544761 , 
1543544821 , 
1543544881 , 
1543544941 , 
1543545001 , 
1543545061 , 
1543545121 , 
1543545181 , 
1543545241 , 
1543545301 , 
1543545361 , 
1543545421 , 
1543545481 , 
1543545541 , 
1543545601 , 
1543545661 , 
1543545721 , 
1543545781 , 
1543545841 , 
1543545901 , 
1543545961 , 
1543546021 , 
1543546081 , 
1543546141 , 
1543546201 , 
1543546261 , 
1543546321 , 
1543546381 , 
1543546441 , 
1543546501 , 
1543546561 , 
1543546621 , 
1543546681 , 
1543546741 , 
1543546802 , 
1543546861 , 
1543546921 , 
1543546981 , 
1543547041 , 
1543547101 , 
1543547161 , 
1543547221 , 
1543547281 , 
1543547341 , 
1543547401 , 
1543547461 , 
1543547521 , 
1543547581 , 
1543547641 , 
1543547701 , 
1543547761 , 
1543547821 , 
1543547881 , 
1543547941 , 
1543548001 , 
1543548061 , 
1543548121 , 
1543548181 , 
1543548241 , 
1543548301 , 
1543548361 , 
1543548421 , 
1543548481 , 
1543548541 , 
1543548601 , 
1543548661 , 
1543548721 , 
1543548781 , 
1543548841 , 
1543548901 , 
1543548961 , 
1543549021 , 
1543549081 , 
1543549141 , 
1543549201 , 
1543549261 , 
1543549321 , 
1543549381 , 
1543549441 , 
1543549501 , 
1543549561 , 
1543549621 , 
1543549681 , 
1543549741 , 
1543549801 , 
1543549861 , 
1543549921 , 
1543549981 , 
1543550041 , 
1543550101 , 
1543550161 , 
1543550221 , 
1543550281 , 
1543550341 , 
1543550401 , 
1543550461 , 
1543550521 , 
1543550581 , 
1543550641 , 
1543550701 , 
1543550761 , 
1543550821 , 
1543550881 , 
1543550941 , 
1543551001 , 
1543551062 , 
1543551121 , 
1543551181 , 
1543551241 , 
1543551301 , 
1543551361 , 
1543551421 , 
1543551481 , 
1543551541 , 
1543551601 , 
1543551661 , 
1543551721 , 
1543551781 , 
1543551841 , 
1543551901 , 
1543551961 , 
1543552021 , 
1543552082 , 
1543552141 , 
1543552201 , 
1543552261 , 
1543552321 , 
1543552381 , 
1543552441 , 
1543552501 , 
1543552561 , 
1543552621 , 
1543552681 , 
1543552741 , 
1543552801 , 
1543552861 , 
1543552921 , 
1543552981 , 
1543553042 , 
1543553101 , 
1543553161 , 
1543553221 , 
1543553281 , 
1543553341 , 
1543553401 , 
1543553461 , 
1543553521 , 
1543553581 , 
1543553641 , 
1543553701 , 
1543553761 , 
1543553821 , 
1543553881 , 
1543553941 , 
1543554001 , 
1543554061 , 
1543554121 , 
1543554181 , 
1543554241 , 
1543554301 , 
1543554361 , 
1543554421 , 
1543554481 , 
1543554541 , 
1543554601 , 
1543554661 , 
1543554721 , 
1543554781 , 
1543554841 , 
1543554901 , 
1543554961 , 
1543555021 , 
1543555081 , 
1543555141 , 
1543555202 , 
1543555261 , 
1543555321 , 
1543555381 , 
1543555441 , 
1543555501 , 
1543555561 , 
1543555621 , 
1543555682 , 
1543555741 , 
1543555801 , 
1543555861 , 
1543555921 , 
1543555981 , 
1543556041 , 
1543556101 , 
1543556161 , 
1543556221 , 
1543556281 , 
1543556341 , 
1543556401 , 
1543556461 , 
1543556521 , 
1543556581 , 
1543556641 , 
1543556701 , 
1543556762 , 
1543556821 , 
1543556882 , 
1543556941 , 
1543557001 , 
1543557061 , 
1543557121 , 
1543557181 , 
1543557241 , 
1543557301 , 
1543557361 , 
1543557421 , 
1543557481 , 
1543557541 , 
1543557601 , 
1543557661 , 
1543557721 , 
1543557781 , 
1543557841 , 
1543557901 , 
1543557961 , 
1543558021 , 
1543558081 , 
1543558141 , 
1543558201 , 
1543558261 , 
1543558321 , 
1543558381 , 
1543558441 , 
1543558501 , 
1543558561 , 
1543558621 , 
1543558681 , 
1543558741 , 
1543558801 , 
1543558861 , 
1543558921 , 
1543558981 , 
1543559041 , 
1543559101 , 
1543559161 , 
1543559221 , 
1543559281 , 
1543559341 , 
1543559401 , 
1543559461 , 
1543559522 , 
1543559581 , 
1543559641 , 
1543559701 , 
1543559761 , 
1543559821 , 
1543559881 , 
1543559941 , 
1543560001 , 
1543560061 , 
1543560121 , 
1543560181 , 
1543560241 , 
1543560301 , 
1543560361 , 
1543560421 , 
1543560481 , 
1543560541 , 
1543560601 , 
1543560661 , 
1543560721 , 
1543560781 , 
1543560841 , 
1543560901 , 
1543560961 , 
1543561021 , 
1543561081 , 
1543561141 , 
1543561201 , 
1543561261 , 
1543561321 , 
1543561381 , 
1543561441 , 
1543561501 , 
1543561561 , 
1543561621 , 
1543561681 , 
1543561741 , 
1543561801 , 
1543561861 , 
1543561921 , 
1543561981 , 
1543562041 , 
1543562102 , 
1543562161 , 
1543562221 , 
1543562281 , 
1543562341 , 
1543562401 , 
1543562461 , 
1543562521 , 
1543562581 , 
1543562641 , 
1543562701 , 
1543562761 , 
1543562821 , 
1543562881 , 
1543562941 , 
1543563001 , 
1543563061 , 
1543563121 , 
1543563181 , 
1543563241 , 
1543563301 , 
1543563361 , 
1543563421 , 
1543563481 , 
1543563541 , 
1543563601 , 
1543563661 , 
1543563721 , 
1543563781 , 
1543563841 , 
1543563901 , 
1543563961 , 
1543564021 , 
1543564081 , 
1543564141 , 
1543564202 , 
1543564261 , 
1543564321 , 
1543564381 , 
1543564441 , 
1543564501 , 
1543564561 , 
1543564621 , 
1543564681 , 
1543564741 , 
1543564802 , 
1543564861 , 
1543564921 , 
1543564981 , 
1543565041 , 
1543565101 , 
1543565161 , 
1543565221 , 
1543565281 , 
1543565341 , 
1543565401 , 
1543565461 , 
1543565521 , 
1543565581 , 
1543565641 , 
1543565701 , 
1543565761 , 
1543565821 , 
1543565881 , 
1543565941 , 
1543566001 , 
1543566061 , 
1543566121 , 
1543566181 , 
1543566241 , 
1543566301 , 
1543566361 , 
1543566421 , 
1543566481 , 
1543566541 , 
1543566601 , 
1543566661 , 
1543566721 , 
1543566781 , 
1543566841 , 
1543566901 , 
1543566961 , 
1543567021 , 
1543567081 , 
1543567141 , 
1543567201 , 
1543567261 , 
1543567321 , 
1543567381 , 
1543567441 , 
1543567501 , 
1543567561 , 
1543567621 , 
1543567681 , 
1543567741 , 
1543567801 , 
1543567861 , 
1543567921 , 
1543567981 , 
1543568041 , 
1543568101 , 
1543568161 , 
1543568221 , 
1543568281 , 
1543568341 , 
1543568401 , 
1543568461 , 
1543568521 , 
1543568581 , 
1543568641 , 
1543568701 , 
1543568761 , 
1543568821 , 
1543568881 , 
1543568941 , 
1543569001 , 
1543569061 , 
1543569121 , 
1543569181 , 
1543569241 , 
1543569301 , 
1543569361 , 
1543569421 , 
1543569481 , 
1543569541 , 
1543569601 , 
1543569661 , 
1543569721 , 
1543569781 , 
1543569841 , 
1543569901 , 
1543569961 , 
1543570021 , 
1543570081 , 
1543570141 , 
1543570201 , 
1543570261 , 
1543570321 , 
1543570381 , 
1543570441 , 
1543570501 , 
1543570561 , 
1543570621 , 
1543570681 , 
1543570741 , 
1543570801 , 
1543570861 , 
1543570921 , 
1543570981 , 
1543571041 , 
1543571102 , 
1543571161 , 
1543571221 , 
1543571281 , 
1543571341 , 
1543571401 , 
1543571461 , 
1543571521 , 
1543571581 , 
1543571641 , 
1543571701 , 
1543571761 , 
1543571821 , 
1543571881 , 
1543571941 , 
1543572001 , 
1543572061 , 
1543572122 , 
1543572181 , 
1543572241 , 
1543572301 , 
1543572361 , 
1543572421 , 
1543572481 , 
1543572541 , 
1543572601 , 
1543572661 , 
1543572721 , 
1543572781 , 
1543572841 , 
1543572901 , 
1543572961 , 
1543573021 , 
1543573081 , 
1543573142 , 
1543573201 , 
1543573261 , 
1543573321 , 
1543573381 , 
1543573441 , 
1543573501 , 
1543573561 , 
1543573621 , 
1543573681 , 
1543573741 , 
1543573801 , 
1543573861 , 
1543573921 , 
1543573981 , 
1543574041 , 
1543574101 , 
1543574161 , 
1543574221 , 
1543574281 , 
1543574341 , 
1543574401 , 
1543574461 , 
1543574521 , 
1543574581 , 
1543574641 , 
1543574701 , 
1543574761 , 
1543574821 , 
1543574881 , 
1543574941 , 
1543575001 , 
1543575061 , 
1543575121 , 
1543575181 , 
1543575241 , 
1543575301 , 
1543575361 , 
1543575421 , 
1543575481 , 
1543575541 , 
1543575601 , 
1543575661 , 
1543575721 , 
1543575781 , 
1543575841 , 
1543575901 , 
1543575961 , 
1543576021 , 
1543576081 , 
1543576141 , 
1543576201 , 
1543576261 , 
1543576321 , 
1543576381 , 
1543576441 , 
1543576501 , 
1543576561 , 
1543576621 , 
1543576681 , 
1543576741 , 
1543576801 , 
1543576861 , 
1543576921 , 
1543576981 , 
1543577041 , 
1543577101 , 
1543577161 , 
1543577221 , 
1543577281 , 
1543577341 , 
1543577401 , 
1543577461 , 
1543577521 , 
1543577581 , 
1543577641 , 
1543577701 , 
1543577761 , 
1543577821 , 
1543577881 , 
1543577941 , 
1543578001 , 
1543578061 , 
1543578121 , 
1543578181 , 
1543578241 , 
1543578301 , 
1543578361 , 
1543578421 , 
1543578481 , 
1543578541 , 
1543578601 , 
1543578662 , 
1543578721 , 
1543578781 , 
1543578841 , 
1543578901 , 
1543578961 , 
1543579021 , 
1543579081 , 
1543579141 , 
1543579201 , 
1543579261 , 
1543579321 , 
1543579381 , 
1543579441 , 
1543579501 , 
1543579561 , 
1543579621 , 
1543579682 , 
1543579741 , 
1543579801 , 
1543579861 , 
1543579921 , 
1543579981 , 
1543580041 , 
1543580101 , 
1543580161 , 
1543580221 , 
1543580281 , 
1543580341 , 
1543580401 , 
1543580462 , 
1543580521 , 
1543580581 , 
1543580641 , 
1543580701 , 
1543580761 , 
1543580821 , 
1543580881 , 
1543580941 , 
1543581001 , 
1543581061 , 
1543581121 , 
1543581181 , 
1543581242 , 
1543581301 , 
1543581361 , 
1543581421 , 
1543581481 , 
1543581541 , 
1543581601 , 
1543581661 , 
1543581721 , 
1543581781 , 
1543581841 , 
1543581901 , 
1543581961 , 
1543582021 , 
1543582081 , 
1543582141 , 
1543582201 , 
1543582261 , 
1543582321 , 
1543582381 , 
1543582441 , 
1543582502 , 
1543582561 , 
1543582621 , 
1543582681 , 
1543582741 , 
1543582801 , 
1543582861 , 
1543582921 , 
1543582981 , 
1543583041 , 
1543583101 , 
1543583161 , 
1543583221 , 
1543583281 , 
1543583341 , 
1543583401 , 
1543583461 , 
1543583521 , 
1543583581 , 
1543583641 , 
1543583701 , 
1543583761 , 
1543583821 , 
1543583881 , 
1543583941 , 
1543584001 , 
